age,exposure_male,dx_male,expectedlife_male,qx_male,px_male,exposure_female,dx_female,expectedlife_female,qx_female,px_female
0,7044346.0,100111.0,73.74,0.009791,0.990209,6335621.0,70861.0,78.37,0.00788,0.99212
1,7306875.0,11879.0,73.47,0.002526,0.997474,6503947.0,9232.0,77.99,0.002096,0.997904
2,7871143.0,7073.0,72.65,0.001079,0.998921,6943574.0,5051.0,77.15,0.0009,0.9991
3,8419927.0,6121.0,71.73,0.000701,0.999299,7372649.0,4438.0,76.22,0.00058,0.99942
4,8911682.0,6551.0,70.78,0.000598,0.999402,7769484.0,4551.0,75.27,0.000489,0.999511
5,9358986.0,5690.0,69.82,0.000578,0.999422,8163646.0,4153.0,74.3,0.00047,0.99953
6,9846267.0,5614.0,68.86,0.000575,0.999425,8614486.0,3993.0,73.34,0.000469,0.999531
7,10243673.0,5607.0,67.9,0.000566,0.999434,9002949.0,4055.0,72.37,0.000465,0.999535
8,10579001.0,6020.0,66.94,0.000547,0.999453,9345116.0,4500.0,71.41,0.000454,0.999546
9,10841681.0,5458.0,65.98,0.000523,0.999477,9629332.0,4080.0,70.44,0.00044,0.99956
10,11022771.0,5512.0,65.01,0.000507,0.999493,9831646.0,3975.0,69.47,0.000432,0.999568
11,11133314.0,5421.0,64.05,0.000504,0.999496,9971783.0,4320.0,68.5,0.000437,0.999563
12,11173337.0,6047.0,63.08,0.000517,0.999483,10038357.0,4795.0,67.53,0.000452,0.999548
13,11172614.0,5995.0,62.11,0.000543,0.999457,10066901.0,4752.0,66.56,0.000473,0.999527
14,11214073.0,6286.0,61.14,0.000578,0.999422,10149158.0,4975.0,65.59,0.000498,0.999502
15,11302882.0,7123.0,60.18,0.00062,0.99938,10289114.0,5380.0,64.63,0.000527,0.999473
16,11283282.0,7962.0,59.22,0.000661,0.999339,10341629.0,6057.0,63.66,0.000558,0.999442
17,11419933.0,7705.0,58.26,0.000697,0.999303,10546582.0,6028.0,62.7,0.00059,0.99941
18,11645478.0,8142.0,57.3,0.000734,0.999266,10836160.0,6687.0,61.73,0.000628,0.999372
19,11539784.0,8984.0,56.34,0.000776,0.999224,10794227.0,7139.0,60.77,0.000673,0.999327
20,11366129.0,10012.0,55.38,0.000822,0.999178,10691312.0,8233.0,59.81,0.00072,0.99928
21,11304128.0,9480.0,54.43,0.000865,0.999135,10692773.0,8008.0,58.85,0.000767,0.999233
22,11179287.0,9880.0,53.47,0.000913,0.999087,10625732.0,8462.0,57.9,0.000815,0.999185
23,10919518.0,10492.0,52.52,0.000967,0.999033,10430376.0,8886.0,56.95,0.000866,0.999134
24,10839374.0,11886.0,51.57,0.001023,0.998977,10411863.0,10170.0,56.0,0.000918,0.999082
25,10761894.0,11292.0,50.63,0.001076,0.998924,10386722.0,9877.0,55.05,0.000967,0.999033
26,10602609.0,11573.0,49.68,0.001132,0.998868,10266034.0,10046.0,54.1,0.001017,0.998983
27,10390411.0,12327.0,48.74,0.001196,0.998804,10082741.0,10752.0,53.16,0.001073,0.998927
28,10272875.0,13828.0,47.8,0.001263,0.998737,9987543.0,11949.0,52.21,0.001129,0.998871
29,10129830.0,13247.0,46.86,0.001327,0.998673,9871089.0,11526.0,51.27,0.001181,0.998819
30,9974162.0,13387.0,45.92,0.001393,0.998607,9727446.0,11559.0,50.33,0.001234,0.998766
31,9901433.0,14346.0,44.98,0.001468,0.998532,9663111.0,12410.0,49.4,0.001292,0.998708
32,9917035.0,16436.0,44.05,0.001549,0.998451,9699452.0,13899.0,48.46,0.001354,0.998646
33,9897710.0,15853.0,43.12,0.001632,0.998368,9699946.0,13519.0,47.53,0.001417,0.998583
34,9932422.0,16564.0,42.19,0.001728,0.998272,9754861.0,14182.0,46.59,0.001489,0.998511
35,10107293.0,18281.0,41.26,0.001846,0.998154,9969873.0,15314.0,45.66,0.001578,0.998422
36,10198132.0,21678.0,40.34,0.001981,0.998019,10084537.0,18074.0,44.73,0.001682,0.998318
37,10163301.0,21217.0,39.42,0.002123,0.997877,10064716.0,17868.0,43.81,0.001793,0.998207
38,10175883.0,22613.0,38.5,0.002282,0.997718,10089690.0,18772.0,42.89,0.001917,0.998083
39,10049069.0,24247.0,37.59,0.002468,0.997532,9984029.0,20318.0,41.97,0.002065,0.997935
40,9743145.0,27905.0,36.68,0.002681,0.997319,9686907.0,23027.0,41.06,0.002233,0.997767
41,9460050.0,26993.0,35.78,0.002911,0.997089,9422472.0,22177.0,40.15,0.002418,0.997582
42,9278367.0,28635.0,34.89,0.003171,0.996829,9285585.0,23832.0,39.25,0.002631,0.997369
43,8979485.0,30604.0,34.0,0.003475,0.996525,9036929.0,25692.0,38.35,0.002881,0.997119
44,8744051.0,35620.0,33.12,0.003816,0.996184,8814150.0,29815.0,37.46,0.003161,0.996839
45,8662839.0,35736.0,32.24,0.004182,0.995818,8734322.0,29581.0,36.58,0.003458,0.996542
46,8503918.0,37985.0,31.38,0.00459,0.99541,8557350.0,31438.0,35.71,0.003791,0.996209
47,8301778.0,41283.0,30.52,0.005064,0.994936,8304320.0,34173.0,34.84,0.004176,0.995824
48,8254305.0,49068.0,29.68,0.005611,0.994389,8201328.0,40168.0,33.99,0.00461,0.99539
49,8164487.0,49994.0,28.85,0.006223,0.993777,8092123.0,40657.0,33.15,0.005079,0.994921
50,7860564.0,52737.0,28.03,0.006927,0.993073,7799933.0,41776.0,32.32,0.005598,0.994402
51,7490478.0,56877.0,27.22,0.007738,0.992262,7477189.0,45705.0,31.5,0.006179,0.993821
52,7244325.0,66907.0,26.43,0.008626,0.991374,7313839.0,53680.0,30.69,0.006796,0.993204
53,6891946.0,64757.0,25.66,0.009534,0.990466,7047492.0,50956.0,29.9,0.007411,0.992589
54,6534884.0,66502.0,24.91,0.010457,0.989543,6726190.0,52374.0,29.13,0.008042,0.991958
55,6302990.0,70574.0,24.17,0.011404,0.988596,6505723.0,55362.0,28.36,0.008711,0.991289
56,6089598.0,80066.0,23.45,0.012364,0.987636,6270734.0,63577.0,27.61,0.009402,0.990598
57,5839190.0,76831.0,22.75,0.013315,0.986685,6009711.0,59551.0,26.87,0.010081,0.989919
58,5659067.0,78122.0,22.05,0.014309,0.985691,5802024.0,60372.0,26.15,0.010777,0.989223
59,5445726.0,82598.0,21.37,0.015405,0.984595,5557433.0,63125.0,25.43,0.011524,0.988476
60,5178112.0,91283.0,20.71,0.016604,0.983396,5262887.0,68674.0,24.73,0.012311,0.987689
61,4937742.0,85636.0,20.06,0.017867,0.982133,5025040.0,64309.0,24.04,0.013102,0.986898
62,4611495.0,87248.0,19.42,0.019201,0.980799,4693607.0,64105.0,23.36,0.013903,0.986097
63,4228161.0,86090.0,18.8,0.020585,0.979415,4285515.0,62162.0,22.69,0.014711,0.985289
64,3944298.0,92484.0,18.2,0.021962,0.978038,3973686.0,66006.0,22.02,0.015496,0.984504
65,3688748.0,83889.0,17.61,0.023274,0.976726,3691288.0,58070.0,21.37,0.016229,0.983771
66,3452592.0,82397.0,17.03,0.024568,0.975432,3413689.0,56171.0,20.72,0.016951,0.983049
67,3247337.0,83398.0,16.45,0.025899,0.974101,3208087.0,56476.0,20.08,0.017697,0.982303
68,3012159.0,87341.0,15.89,0.027284,0.972716,3021986.0,59343.0,19.44,0.018466,0.981534
69,2713653.0,75542.0,15.34,0.028732,0.971268,2791185.0,52638.0,18.81,0.019257,0.980743
70,2412053.0,69885.0,14.79,0.030301,0.969699,2567840.0,49443.0,18.18,0.020115,0.979885
71,2135572.0,67424.0,14.25,0.032002,0.967998,2387844.0,49090.0,17.55,0.021067,0.978933
72,1908155.0,71179.0,13.73,0.033755,0.966245,2224552.0,53802.0,16.93,0.022084,0.977916
73,1699334.0,58720.0,13.2,0.035455,0.964545,2034525.0,46164.0,16.31,0.023111,0.976889
74,1544224.0,55527.0,12.69,0.037098,0.962902,1876813.0,43890.0,15.7,0.024162,0.975838
75,1489103.0,55477.0,12.18,0.038713,0.961287,1801880.0,43897.0,15.09,0.025266,0.974734
76,1441776.0,62974.0,11.67,0.040318,0.959682,1718129.0,49333.0,14.48,0.026431,0.973569
77,1341393.0,56532.0,11.16,0.041931,0.958069,1602456.0,44656.0,13.87,0.02766,0.97234
78,1268452.0,52910.0,10.65,0.043665,0.956335,1517906.0,42105.0,13.26,0.029022,0.970978
79,1174561.0,53299.0,10.13,0.045679,0.954321,1421191.0,42552.0,12.66,0.030617,0.969383
80,1012815.0,50331.0,9.62,0.048105,0.951895,1258504.0,41779.0,12.06,0.032506,0.967494
81,870874.0,42255.0,9.11,0.051056,0.948944,1124985.0,37619.0,11.47,0.034703,0.965297
82,735488.0,37796.0,8.6,0.054637,0.945363,972780.0,35663.0,10.88,0.037204,0.962796
83,592105.0,30902.0,8.09,0.058904,0.941096,818580.0,30209.0,10.3,0.039987,0.960013
84,506748.0,29440.0,7.6,0.063869,0.936131,721245.0,29913.0,9.73,0.043043,0.956957
85,444484.0,23777.0,7.12,0.069532,0.930468,645024.0,25017.0,9.16,0.046397,0.953603
86,393011.0,21497.0,6.65,0.075921,0.924079,578007.0,23724.0,8.61,0.050129,0.949871
87,355259.0,19960.0,6.19,0.083101,0.916899,516269.0,22451.0,8.06,0.054368,0.945632
88,325513.0,18729.0,5.76,0.091181,0.908819,459238.0,20206.0,7.53,0.05927,0.94073
89,289147.0,16144.0,5.33,0.100295,0.899705,400056.0,17128.0,7.0,0.065021,0.934979
90,249966.0,13730.0,4.93,0.11059,0.88941,337271.0,13761.0,6.49,0.07182,0.92818
91,214246.0,12961.0,4.54,0.122198,0.877802,282613.0,13024.0,5.99,0.079865,0.920135
92,162923.0,11928.0,4.17,0.13522,0.86478,205336.0,11820.0,5.51,0.089331,0.910669
93,119403.0,7621.0,3.83,0.149714,0.850286,145346.0,6934.0,5.05,0.100354,0.899646
94,98780.0,6659.0,3.5,0.165699,0.834301,122482.0,5993.0,4.62,0.113024,0.886976
95,78581.0,5435.0,3.19,0.183166,0.816834,101672.0,4807.0,4.2,0.127397,0.872603
96,62829.0,4654.0,2.91,0.202084,0.797916,84623.0,4419.0,3.82,0.143499,0.856501
97,50144.0,3381.0,2.65,0.222408,0.777592,68352.0,3360.0,3.46,0.161346,0.838654
98,39235.0,2201.0,2.41,0.244075,0.755925,54275.0,2232.0,3.12,0.180955,0.819045
99,29655.0,1675.0,2.18,0.267009,0.732991,41748.0,1929.0,2.81,0.202353,0.797647
100,21425.0,1241.0,1.98,0.291119,0.708881,30693.0,1456.0,2.53,0.225572,0.774428
101,15220.0,923.0,1.79,0.316297,0.683703,22816.0,1227.0,2.26,0.250649,0.749351
102,9030.0,615.0,1.62,0.342423,0.657577,13655.0,887.0,2.02,0.277614,0.722386
103,5099.0,295.0,1.46,0.369364,0.630636,7751.0,423.0,1.8,0.306485,0.693515
104,3915.0,268.0,1.32,0.396967,0.603033,6267.0,376.0,1.59,0.337265,0.662735
105,3231.0,168.0,1.18,0.425069,0.574931,5519.0,228.0,1.4,0.36994,0.63006
106,2705.0,138.0,1.06,0.453489,0.546511,4738.0,223.0,1.22,0.404473,0.595527
107,2031.0,100.0,0.94,0.482033,0.517967,3499.0,160.0,1.05,0.440808,0.559192
108,1490.0,88.0,0.81,0.510493,0.489507,2484.0,144.0,0.88,0.478863,0.521137
109,922.0,78.0,0.66,0.538649,0.461351,1508.0,102.0,0.69,0.518532,0.481468
110,275.0,37.0,0.43,0.566271,0.433729,425.0,70.0,0.44,0.559684,0.440316
111,1.0,1.0,0.0,1.0,0.0,1.0,1.0,0.0,1.0,0.0
