Tanggal,Periode,Inflasi_YoY,Year,Month,Quarter,Inflasi_Lag_1,Inflasi_Lag_2,Inflasi_Lag_3,Inflasi_Lag_6,Inflasi_Lag_12,Inflasi_RollMean_3,Inflasi_RollMean_6,Inflasi_RollMean_12,Inflasi_RollStd_3,Inflasi_RollStd_6,Inflasi_RollStd_12,Inflasi_Diff_1,Inflasi_Diff_12
2002-12-01,Desember 2002,0.0,2002,12,4,,,,,,,,,,,,,
2003-01-01,Januari 2003,8.68,2003,1,1,0.0,,,,,,,,,,,,
2003-02-01,Februari 2003,7.6,2003,2,1,8.68,0.0,,,,,,,,,,8.68,
2003-03-01,Maret 2003,7.17,2003,3,1,7.6,8.68,0.0,,,5.426666666666667,,,4.730553174136544,,,-1.08,
2003-04-01,April 2003,7.62,2003,4,2,7.17,7.6,8.68,,,7.816666666666666,,,0.7779674371934402,,,-0.4299999999999997,
2003-05-01,Mei 2003,7.15,2003,5,2,7.62,7.17,7.6,,,7.463333333333334,,,0.2542308662089056,,,0.4500000000000002,
2003-06-01,Juni 2003,6.98,2003,6,2,7.15,7.62,7.17,0.0,,7.3133333333333335,6.37,,0.2657693235370312,3.1697570884848574,,-0.46999999999999975,
2003-07-01,Juli 2003,6.27,2003,7,3,6.98,7.15,7.62,8.68,,7.25,7.533333333333334,,0.3315116890850129,0.618374212485182,,-0.16999999999999993,
2003-08-01,Agustus 2003,6.51,2003,8,3,6.27,6.98,7.15,7.6,,6.8,7.131666666666667,,0.46679760067935433,0.49499158242001395,,-0.7100000000000009,
2003-09-01,September 2003,6.33,2003,9,3,6.51,6.27,6.98,7.17,,6.586666666666667,6.949999999999999,,0.36115555282085404,0.48871259447655224,,0.2400000000000002,
2003-10-01,Oktober 2003,6.48,2003,10,4,6.33,6.51,6.27,7.62,,6.37,6.810000000000001,,0.12489995996798513,0.5315261047211164,,-0.17999999999999972,
2003-11-01,November 2003,5.53,2003,11,4,6.48,6.33,6.51,7.15,,6.44,6.62,,0.09643650760994929,0.3602221536774263,,0.15000000000000036,
2003-12-01,Desember 2003,5.16,2003,12,4,5.53,6.48,6.33,6.98,0.0,6.113333333333333,6.3500000000000005,6.359999999999999,0.5107184482014908,0.47299048616225237,2.1607364064554053,-0.9500000000000002,
2004-01-01,Januari 2004,4.82,2004,1,1,5.16,5.53,6.48,6.27,8.68,5.723333333333334,6.046666666666667,6.79,0.6809062588443,0.5631577635677871,0.9595548210214229,-0.3700000000000001,5.16
2004-02-01,Februari 2004,4.6,2004,2,1,4.82,5.16,5.53,6.51,7.6,5.170000000000001,5.805,6.468333333333334,0.35510561809130803,0.7335052828712321,0.9142988703057792,-0.33999999999999986,-3.8599999999999994
2004-03-01,Maret 2004,5.11,2004,3,1,4.6,4.82,5.16,6.33,7.17,4.86,5.486666666666667,6.218333333333334,0.28213471959333764,0.7793758186309574,0.9842101894258649,-0.22000000000000064,-3.0
2004-04-01,April 2004,5.92,2004,4,2,5.11,4.6,4.82,6.48,7.62,4.843333333333334,5.283333333333334,6.046666666666667,0.25579940057268447,0.6662932287414275,0.9827820745519352,0.5100000000000007,-2.0599999999999996
2004-05-01,Mei 2004,6.47,2004,5,2,5.92,5.11,4.6,5.53,7.15,5.21,5.19,5.905000000000001,0.665657569625712,0.4776609676329119,0.8487584515578671,0.8099999999999996,-1.7000000000000002
2004-06-01,Juni 2004,6.83,2004,6,2,6.47,5.92,5.11,5.16,6.98,5.833333333333333,5.346666666666667,5.848333333333334,0.684129617348452,0.7094129028053233,0.7778155113501972,0.5499999999999998,-0.6800000000000006
2004-07-01,Juli 2004,7.2,2004,7,3,6.83,6.47,5.92,4.82,6.27,6.406666666666666,5.625,5.835833333333333,0.45829393770083554,0.9183626734575,0.7589521284859357,0.3600000000000003,-0.15000000000000036
2004-08-01,Agustus 2004,6.67,2004,8,3,7.2,6.83,6.47,4.6,6.51,6.833333333333333,6.021666666666667,5.913333333333334,0.36501141534661014,1.0104932788824827,0.8494097772553413,0.3700000000000001,0.9300000000000006
2004-09-01,September 2004,6.27,2004,9,3,6.67,7.2,6.83,5.11,6.33,6.8999999999999995,6.366666666666666,5.926666666666666,0.271845544381367,0.7470653697412757,0.8608065280815879,-0.5300000000000002,0.16000000000000014
2004-10-01,Oktober 2004,6.22,2004,10,4,6.27,6.67,7.2,5.92,6.48,6.713333333333334,6.56,5.921666666666667,0.46651187909134334,0.44640788523501845,0.8584217371361688,-0.40000000000000036,-0.0600000000000005
2004-11-01,November 2004,6.18,2004,11,4,6.22,6.27,6.67,6.47,5.53,6.386666666666667,6.609999999999999,5.8999999999999995,0.24664414311582106,0.3707829553795605,0.8462430340790237,-0.04999999999999982,-0.2600000000000007
2004-12-01,Desember 2004,6.4,2004,12,4,6.18,6.22,6.27,6.83,5.16,6.223333333333333,6.5616666666666665,5.954166666666667,0.045092497528287,0.4095566708853222,0.8411945870803805,-0.040000000000000036,0.6499999999999995
2005-01-01,Januari 2005,7.32,2005,1,1,6.4,6.18,6.22,7.2,4.82,6.266666666666666,6.489999999999999,6.0575,0.11718930554166805,0.3903844259188651,0.8103660788916205,0.22000000000000064,1.2400000000000002
2005-02-01,Februari 2005,7.15,2005,2,1,7.32,6.4,6.18,6.67,4.6,6.633333333333333,6.510000000000001,6.265833333333333,0.6047589051294213,0.4346032673600162,0.7842362623288422,0.9199999999999999,2.5
2005-03-01,Maret 2005,8.81,2005,3,1,7.15,7.32,6.4,6.27,5.11,6.956666666666667,6.59,6.478333333333333,0.489523577913602,0.507937003968013,0.6201295074906555,-0.16999999999999993,2.5500000000000007
2005-04-01,April 2005,8.12,2005,4,2,8.81,7.15,7.32,6.22,5.92,7.760000000000001,7.0133333333333345,6.786666666666666,0.9132907532653535,1.0040650709324896,0.7777395372994641,1.6600000000000001,3.7
2005-05-01,Mei 2005,7.4,2005,5,2,8.12,8.81,7.15,6.18,6.47,8.026666666666666,7.329999999999999,6.969999999999999,0.8339264555902565,1.003434103466688,0.8133544458263267,-0.6900000000000013,2.1999999999999993
2005-06-01,Juni 2005,7.42,2005,6,2,7.4,8.12,8.81,6.4,6.83,8.110000000000001,7.533333333333332,7.047499999999999,0.705053189482889,0.8329145614447266,0.8056519099462225,-0.7199999999999989,0.9300000000000006
2005-07-01,Juli 2005,7.84,2005,7,3,7.42,7.4,8.12,7.32,7.2,7.646666666666666,7.703333333333333,7.096666666666667,0.41004064839151183,0.6361970344686153,0.809167173797548,0.019999999999999574,0.5899999999999999
2005-08-01,Agustus 2005,8.33,2005,8,3,7.84,7.42,7.4,7.15,6.67,7.553333333333334,7.789999999999999,7.1499999999999995,0.2484619353811215,0.6083420090705502,0.8372031359885646,0.41999999999999993,0.6399999999999997
2005-09-01,September 2005,9.06,2005,9,3,8.33,7.84,7.42,8.81,6.27,7.863333333333333,7.986666666666667,7.288333333333334,0.45544849690533734,0.5477834121864763,0.8863801086270454,0.4900000000000002,1.6600000000000001
2005-10-01,Oktober 2005,17.89,2005,10,4,9.06,8.33,7.84,8.12,6.22,8.410000000000002,8.028333333333334,7.520833333333333,0.6139218191268292,0.6267508808662807,0.9580041595405342,0.7300000000000004,2.790000000000001
2005-11-01,November 2005,18.38,2005,11,4,17.89,9.06,8.33,7.4,6.18,11.76,9.656666666666666,8.493333333333334,5.321268645727255,4.081649993160444,3.08329615047195,8.83,11.670000000000002
2005-12-01,Desember 2005,17.11,2005,12,4,18.38,17.89,9.06,7.42,6.4,15.11,11.486666666666666,9.51,5.245178738613197,5.180925271287614,4.096175599929102,0.48999999999999844,12.2
2006-01-01,Januari 2006,17.03,2006,1,1,17.11,18.38,17.89,7.84,7.32,17.793333333333333,13.101666666666667,10.4025,0.6404946005496411,5.17000354609807,4.503477696584757,-1.2699999999999996,10.709999999999999
2006-02-01,Februari 2006,17.92,2006,2,1,17.03,17.11,18.38,8.33,7.15,17.506666666666664,14.633333333333333,11.211666666666668,0.757385854986246,4.632824912153125,4.764064027760966,-0.0799999999999983,9.71
2006-03-01,Maret 2006,15.74,2006,3,1,17.92,17.03,17.11,9.06,8.81,17.353333333333335,16.231666666666666,12.109166666666667,0.4923751956925236,3.551266910085272,4.940536331454736,0.8900000000000006,10.770000000000001
2006-04-01,April 2006,15.4,2006,4,2,15.74,17.92,17.03,17.89,8.12,16.89666666666667,17.345,12.686666666666667,1.096099143934187,0.9412066723094996,4.92483748385916,-2.1800000000000015,6.93
2006-05-01,Mei 2006,15.6,2006,5,2,15.4,15.74,17.92,18.38,7.4,16.353333333333335,16.93,13.293333333333331,1.367381926651535,1.173200750084965,4.756674417610637,-0.33999999999999986,7.280000000000001
2006-06-01,Juni 2006,15.53,2006,6,2,15.6,15.4,15.74,17.11,7.42,15.58,16.466666666666665,13.976666666666667,0.17088007490617385,1.0257030109474161,4.409405924391695,0.1999999999999993,8.2
2006-07-01,Juli 2006,15.15,2006,7,3,15.53,15.6,15.4,17.03,7.84,15.51,16.203333333333333,14.652500000000002,0.10148891565062954,1.0303138680356567,3.9058630171949047,-0.07000000000000028,8.11
2006-08-01,Agustus 2006,14.9,2006,8,3,15.15,15.53,15.6,17.92,8.33,15.426666666666668,15.89,15.261666666666665,0.2421432083154005,1.0143766558827787,3.264099021819405,-0.379999999999999,7.3100000000000005
2006-09-01,September 2006,14.55,2006,9,3,14.9,15.15,15.53,15.74,9.06,15.193333333333333,15.386666666666665,15.809166666666668,0.3172275734126531,0.3111055555058358,2.443609321301481,-0.25,6.57
2006-10-01,Oktober 2006,6.29,2006,10,4,14.55,14.9,15.15,15.4,17.89,14.866666666666667,15.188333333333334,16.26666666666667,0.3013856886670092,0.4057297951427708,1.3213652260469197,-0.34999999999999964,5.49
2006-11-01,November 2006,5.27,2006,11,4,6.29,14.55,14.9,15.6,18.38,11.913333333333334,13.67,15.299999999999999,4.873092789321106,3.6366633058340625,3.0879737398789175,-8.260000000000002,-11.600000000000001
2006-12-01,Desember 2006,6.6,2006,12,4,5.27,6.29,14.55,15.53,17.11,8.703333333333333,11.948333333333336,14.207500000000001,5.088981561504565,4.799518378615359,4.0640689977142115,-1.0200000000000005,-13.11
2007-01-01,Januari 2007,6.26,2007,1,1,6.6,5.27,6.29,15.15,17.03,6.053333333333334,10.46,13.331666666666665,0.6958687615732567,4.851028756872087,4.491686934232115,1.33,-10.51
2007-02-01,Februari 2007,6.3,2007,2,1,6.26,6.6,5.27,14.9,17.92,6.043333333333333,8.978333333333333,12.434166666666664,0.6909655080635344,4.475137614271388,4.753873938614949,-0.33999999999999986,-10.770000000000001
2007-03-01,Maret 2007,6.52,2007,3,1,6.3,6.26,6.6,14.55,15.74,6.386666666666667,7.544999999999999,11.465833333333334,0.18583146486397029,3.4616455624456908,4.718186204528817,0.040000000000000036,-11.620000000000001
2007-04-01,April 2007,6.29,2007,4,2,6.52,6.3,6.26,6.29,15.4,6.359999999999999,6.206666666666666,10.6975,0.1400000000005585,0.47931896130510765,4.709592001244037,0.21999999999999975,-9.22
2007-05-01,Mei 2007,6.01,2007,5,2,6.29,6.52,6.3,5.27,15.6,6.37,6.206666666666667,9.938333333333334,0.1300000000006004,0.47931896130510765,4.615973911485543,-0.22999999999999954,-9.11
2007-06-01,Juni 2007,5.77,2007,6,2,6.01,6.29,6.52,6.6,15.53,6.273333333333333,6.329999999999999,9.139166666666666,0.25540817006018507,0.20918890983974356,4.370278664577421,-0.28000000000000025,-9.59
2007-07-01,Juli 2007,6.06,2007,7,3,5.77,6.01,6.29,6.26,15.15,6.023333333333333,6.191666666666666,8.325833333333334,0.26025628394622874,0.26255793011563583,3.9618991275611375,-0.2400000000000002,-9.76
2007-08-01,Agustus 2007,6.51,2007,8,3,6.06,5.77,6.01,6.3,14.9,5.946666666666666,6.158333333333334,7.5683333333333325,0.15502687939032464,0.26483328088933067,3.362117388392818,0.29000000000000004,-9.09
2007-09-01,September 2007,6.95,2007,9,3,6.51,6.06,5.77,6.52,14.55,6.113333333333332,6.1933333333333325,6.869166666666666,0.37287173844835353,0.2989760302542782,2.44657258715993,0.4500000000000002,-8.39
2007-10-01,Oktober 2007,6.88,2007,10,4,6.95,6.51,6.06,6.29,6.29,6.506666666666667,6.265,6.235833333333333,0.44500936319754647,0.41998809506930124,0.4307384427475883,0.4400000000000004,-7.6000000000000005
2007-11-01,November 2007,6.71,2007,11,4,6.88,6.95,6.51,6.01,5.27,6.78,6.363333333333333,6.285,0.23643180835104272,0.4902108389933936,0.4694193705574544,-0.07000000000000028,0.5899999999999999
2007-12-01,Desember 2007,6.59,2007,12,4,6.71,6.88,6.95,5.77,6.6,6.846666666666667,6.48,6.4049999999999985,0.12342339054439973,0.47227110858059057,0.356944100538308,-0.16999999999999993,1.4400000000000004
2008-01-01,Januari 2008,7.36,2008,1,1,6.59,6.71,6.88,6.06,6.26,6.726666666666667,6.616666666666666,6.404166666666666,0.14571661996312868,0.3197290519590084,0.35645880377385775,-0.1200000000000001,-0.009999999999999787
2008-02-01,Februari 2008,7.4,2008,2,1,7.36,6.59,6.71,6.51,6.3,6.886666666666667,6.833333333333333,6.495833333333333,0.41428653530313336,0.307289223154028,0.4461646319329777,0.7700000000000005,1.1000000000000005
2008-03-01,Maret 2008,8.17,2008,3,1,7.4,7.36,6.59,6.95,6.52,7.116666666666667,6.9816666666666665,6.5874999999999995,0.45654499595709913,0.3336714951364678,0.510616828409088,0.040000000000000036,1.1000000000000005
2008-04-01,April 2008,8.96,2008,4,2,8.17,7.4,7.36,6.88,6.29,7.6433333333333335,7.185,6.7250000000000005,0.4565449959570816,0.586472505749365,0.6836333413859769,0.7699999999999996,1.6500000000000004
2008-05-01,Mei 2008,10.38,2008,5,2,8.96,8.17,7.4,6.71,6.01,8.176666666666668,7.531666666666666,6.947499999999999,0.7800213672287684,0.9006978775741652,0.9220937144248563,0.7900000000000009,2.670000000000001
2008-06-01,Juni 2008,11.03,2008,6,2,10.38,8.96,8.17,6.59,5.77,9.170000000000002,8.143333333333333,7.311666666666667,1.1198660634201192,1.3600980356822097,1.3026046168653012,1.42,4.370000000000001
2008-07-01,Juli 2008,11.9,2008,7,3,11.03,10.38,8.96,7.36,6.06,10.123333333333333,8.883333333333335,7.75,1.0585997040115667,1.5416700900862688,1.5899742708038362,0.6499999999999986,5.26
2008-08-01,Agustus 2008,11.85,2008,8,3,11.9,11.03,10.38,7.4,6.51,11.103333333333333,9.639999999999999,8.236666666666666,0.7626488925667871,1.745176208868302,1.890946532263352,0.870000000000001,5.840000000000001
2008-09-01,September 2008,12.14,2008,9,3,11.85,11.9,11.03,8.17,6.95,11.593333333333334,10.381666666666666,8.681666666666667,0.4885011088353144,1.535856981188876,2.0677384806213848,-0.05000000000000071,5.34
2008-10-01,Oktober 2008,11.77,2008,10,4,12.14,11.85,11.9,8.96,6.88,11.963333333333333,11.043333333333335,9.114166666666668,0.1550268793897321,1.2138973048271458,2.2104646090536706,0.2900000000000009,5.19
2008-11-01,November 2008,11.68,2008,11,4,11.77,12.14,11.85,10.38,6.71,11.920000000000002,11.511666666666665,9.521666666666667,0.1946792233392843,0.6692508249278515,2.2118886760304015,-0.370000000000001,4.89
2008-12-01,Desember 2008,11.06,2008,12,4,11.68,11.77,12.14,11.03,6.59,11.863333333333335,11.728333333333333,9.935833333333333,0.24378952670966503,0.37562836243634495,2.100032286909087,-0.08999999999999986,4.97
2009-01-01,Januari 2009,9.17,2009,1,1,11.06,11.68,11.77,11.9,7.36,11.503333333333332,11.733333333333334,10.308333333333334,0.38656607887052863,0.36450880190553686,1.8319281115973434,-0.6199999999999992,4.470000000000001
2009-02-01,Februari 2009,8.6,2009,2,1,9.17,11.06,11.68,11.85,7.4,10.636666666666667,11.278333333333334,10.459166666666667,1.3074529946936404,1.092253023189504,1.6305518214470354,-1.8900000000000006,1.8099999999999996
2009-03-01,Maret 2009,7.92,2009,3,1,8.6,9.17,11.06,12.14,8.17,9.61,10.736666666666666,10.559166666666666,1.2876723185655878,1.4866965617322903,1.4530122838330375,-0.5700000000000003,1.1999999999999993
2009-04-01,April 2009,7.31,2009,4,2,7.92,8.6,9.17,11.77,8.96,8.563333333333333,10.033333333333333,10.538333333333332,0.6258061467686703,1.676158305968328,1.4916606568357018,-0.6799999999999997,-0.25
2009-05-01,Mei 2009,6.04,2009,5,2,7.31,7.92,8.6,11.68,10.38,7.9433333333333325,9.290000000000001,10.400833333333333,0.6453164598346108,1.7397011237565927,1.7103878259481144,-0.6100000000000003,-1.6500000000000012
2009-06-01,Juni 2009,3.65,2009,6,2,6.04,7.31,7.92,11.06,11.03,7.09,8.35,10.039166666666667,0.9591141746425051,1.7135693741427436,2.124029011671979,-1.2699999999999996,-4.340000000000001
2009-07-01,Juli 2009,2.71,2009,7,3,3.65,6.04,7.31,9.17,11.9,5.666666666666667,7.114999999999999,9.424166666666666,1.858341554540919,2.0137601644684398,2.7786113547248856,-2.39,-7.379999999999999
2009-08-01,Agustus 2009,2.75,2009,8,3,2.71,3.65,6.04,8.6,11.85,4.133333333333334,6.038333333333333,8.658333333333333,1.7168090555835311,2.3875461601122243,3.259109843146894,-0.94,-9.190000000000001
2009-09-01,September 2009,2.83,2009,9,3,2.75,2.71,3.65,7.92,12.14,3.0366666666666666,5.0633333333333335,7.900000000000001,0.5315386470743736,2.3259034087138337,3.498838768401986,0.040000000000000036,-9.1
2009-10-01,Oktober 2009,2.57,2009,10,4,2.83,2.75,2.71,7.31,11.77,2.763333333333333,4.215,7.1241666666666665,0.06110100926879492,1.9777942258991366,3.5053840623022214,0.08000000000000007,-9.31
2009-11-01,November 2009,2.41,2009,11,4,2.57,2.83,2.75,6.04,11.68,2.716666666666667,3.4250000000000003,6.357499999999999,0.13316656237084126,1.3372172598347536,3.4014465505669254,-0.26000000000000023,-9.2
2009-12-01,Desember 2009,2.78,2009,12,4,2.41,2.57,2.83,3.65,11.06,2.6033333333333335,2.8200000000000003,5.585000000000001,0.21197484127525934,0.4328048058882525,3.1241129650161206,-0.1599999999999997,-9.27
2010-01-01,Januari 2010,3.72,2010,1,1,2.78,2.41,2.57,2.71,9.17,2.5866666666666664,2.6750000000000003,4.8950000000000005,0.1855622087971361,0.15693947878073305,2.68903666427555,0.36999999999999966,-8.280000000000001
2010-02-01,Februari 2010,3.81,2010,2,1,3.72,2.78,2.41,2.75,8.6,2.97,2.8433333333333337,4.440833333333333,0.6753517601963616,0.4569317965152289,2.338801007250327,0.9400000000000004,-5.449999999999999
2010-03-01,Maret 2010,3.43,2010,3,1,3.81,3.72,2.78,2.83,7.92,3.436666666666667,3.02,4.041666666666667,0.5704676444230987,0.5970594610254222,1.9390055245518045,0.08999999999999986,-4.789999999999999
2010-04-01,April 2010,3.91,2010,4,2,3.43,3.81,3.72,2.57,7.31,3.6533333333333338,3.1199999999999997,3.6675,0.19857828011550052,0.6089991789813574,1.507852928685503,-0.3799999999999999,-4.49
2010-05-01,Mei 2010,4.16,2010,5,2,3.91,3.43,3.81,2.41,6.04,3.716666666666667,3.3433333333333337,3.3841666666666668,0.253245598843549,0.6126554224575455,0.9925857721887359,0.48,-3.3999999999999995
2010-06-01,Juni 2010,5.05,2010,6,2,4.16,3.91,3.43,2.78,3.65,3.8333333333333335,3.6350000000000002,3.2275000000000005,0.3709896674216457,0.48210994596664974,0.6098751735172707,0.25,-1.88
2010-07-01,Juli 2010,6.22,2010,7,3,5.05,4.16,3.91,3.72,2.71,4.373333333333334,4.013333333333333,3.3441666666666667,0.599193902950958,0.5611654539141118,0.8017646257796043,0.8899999999999997,1.4
2010-08-01,Agustus 2010,6.44,2010,8,3,6.22,5.05,4.16,3.81,2.75,5.1433333333333335,4.43,3.6366666666666667,1.0331666532237531,1.0311352966512026,1.1246278845857738,1.17,3.51
2010-09-01,September 2010,5.8,2010,9,3,6.44,6.22,5.05,3.43,2.83,5.903333333333333,4.868333333333333,3.9441666666666673,0.7471501410918293,1.2505265557622638,1.3433503457829405,0.22000000000000064,3.6900000000000004
2010-10-01,Oktober 2010,5.67,2010,10,4,5.8,6.44,6.22,3.91,2.57,6.153333333333333,5.263333333333334,4.191666666666666,0.32516662395382845,1.0660331452007623,1.392126126295727,-0.6400000000000006,2.9699999999999998
2010-11-01,November 2010,6.33,2010,11,4,5.67,5.8,6.44,4.16,2.41,5.97,5.5566666666666675,4.45,0.41218927691074736,0.8366281531640143,1.3508583130062812,-0.1299999999999999,3.1
2010-12-01,Desember 2010,6.96,2010,12,4,6.33,5.67,5.8,5.05,2.78,5.933333333333333,5.918333333333333,4.776666666666666,0.3496188400723559,0.5219738179895891,1.2850633753974445,0.6600000000000001,3.92
2011-01-01,Januari 2011,7.02,2011,1,1,6.96,6.33,5.67,6.22,3.72,6.32,6.236666666666667,5.125,0.6450581369149532,0.465904138924122,1.2609339972633538,0.6299999999999999,4.18
2011-02-01,Februari 2011,6.84,2011,2,1,7.02,6.96,6.33,6.44,3.81,6.77,6.37,5.3999999999999995,0.3822302970725523,0.5642694391866001,1.2862560186271388,0.05999999999999961,3.2999999999999994
2011-03-01,Maret 2011,6.65,2011,3,1,6.84,7.02,6.96,5.8,3.43,6.94,6.4366666666666665,5.6525,0.09165151390001491,0.5968807809492834,1.2424105967469383,-0.17999999999999972,3.03
2011-04-01,April 2011,6.16,2011,4,2,6.65,6.84,7.02,5.67,3.91,6.836666666666666,6.578333333333333,5.920833333333334,0.1850225211521621,0.5101143662617488,1.05187674989501,-0.1899999999999995,3.22
2011-05-01,Mei 2011,5.98,2011,5,2,6.16,6.65,6.84,6.33,4.16,6.55,6.66,6.108333333333333,0.35085609585723565,0.34957116585891124,0.840063128940946,-0.4900000000000002,2.25
2011-06-01,Juni 2011,5.54,2011,6,2,5.98,6.16,6.65,6.96,5.05,6.263333333333333,6.601666666666667,6.260000000000001,0.34674678561383654,0.43453039786259545,0.580532670758652,-0.17999999999999972,1.8200000000000003
2011-07-01,Juli 2011,4.61,2011,7,3,5.54,5.98,6.16,7.02,6.22,5.8933333333333335,6.365000000000001,6.300833333333333,0.31895663237114996,0.5668774117919682,0.4992259159453831,-0.4400000000000004,0.4900000000000002
2011-08-01,Agustus 2011,4.79,2011,8,3,4.61,5.54,5.98,6.84,6.44,5.376666666666668,5.963333333333334,6.166666666666667,0.6994521665800801,0.8111391167158875,0.699211677317364,-0.9299999999999997,-1.6099999999999994
2011-09-01,September 2011,4.61,2011,9,3,4.79,4.61,5.54,6.65,5.8,4.98,5.621666666666667,6.029166666666668,0.49325449820579687,0.7996853547906406,0.796097964886836,0.17999999999999972,-1.6500000000000004
2011-10-01,Oktober 2011,4.42,2011,10,4,4.61,4.79,4.61,6.16,5.67,4.670000000000001,5.281666666666667,5.930000000000001,0.10392304845541321,0.7028347363830526,0.8951891623358881,-0.17999999999999972,-1.1899999999999995
2011-11-01,November 2011,4.15,2011,11,4,4.42,4.61,4.79,5.98,6.33,4.6066666666666665,4.991666666666667,5.8258333333333345,0.1850225211524326,0.6222994991695214,0.9953204904893056,-0.1900000000000004,-1.25
2011-12-01,Desember 2011,3.79,2011,12,4,4.15,4.42,4.61,5.54,6.96,4.3933333333333335,4.6866666666666665,5.644166666666667,0.23115651263507933,0.4711121593279453,1.0894323654031361,-0.2699999999999996,-2.1799999999999997
2012-01-01,Januari 2012,3.65,2012,1,1,3.79,4.15,4.42,4.61,7.02,4.12,4.395,5.38,0.3160696125860408,0.3674642839786953,1.1251100956229672,-0.3600000000000003,-3.17
2012-02-01,Februari 2012,3.56,2012,2,1,3.65,3.79,4.15,4.79,6.84,3.8633333333333333,4.235,5.099166666666667,0.25794056162929146,0.45394933638014795,1.0988213382226113,-0.14000000000000012,-3.3699999999999997
2012-03-01,Maret 2012,3.97,2012,3,1,3.56,3.65,3.79,4.61,6.65,3.6666666666666665,4.03,4.825833333333334,0.11590225767275843,0.4303022193760783,1.0323623248147757,-0.08999999999999986,-3.28
2012-04-01,April 2012,4.5,2012,4,2,3.97,3.56,3.65,4.42,6.16,3.7266666666666666,3.923333333333334,4.6025,0.2154839514526314,0.32395472934755287,0.8805899365559637,0.41000000000000014,-2.68
2012-05-01,Mei 2012,4.45,2012,5,2,4.5,3.97,3.56,4.15,5.98,4.01,3.936666666666666,4.464166666666666,0.4712748667182399,0.3491513520905313,0.7314302095997622,0.5299999999999998,-1.6600000000000001
2012-06-01,Juni 2012,4.53,2012,6,2,4.45,4.5,3.97,3.79,5.54,4.306666666666666,3.986666666666667,4.336666666666667,0.2926317367163305,0.4031211563123991,0.5553268215995694,-0.04999999999999982,-1.5300000000000002
2012-07-01,Juli 2012,4.56,2012,7,3,4.53,4.45,4.5,3.65,4.61,4.493333333333333,4.11,4.2525,0.04041451884667183,0.44222166387455286,0.4152354206296183,0.08000000000000007,-1.0099999999999998
2012-08-01,Agustus 2012,4.58,2012,8,3,4.56,4.53,4.45,3.56,4.79,4.513333333333333,4.261666666666667,4.248333333333334,0.05686240703318056,0.40759865881359725,0.41155654274812514,0.02999999999999936,-0.05000000000000071
2012-09-01,September 2012,4.31,2012,9,3,4.58,4.56,4.53,3.97,4.61,4.5566666666666675,4.431666666666667,4.230833333333333,0.025166114789638455,0.2307740597784807,0.3903485233697846,0.020000000000000462,-0.20999999999999996
2012-10-01,Oktober 2012,4.61,2012,10,4,4.31,4.58,4.56,4.5,4.42,4.483333333333333,4.488333333333333,4.2058333333333335,0.1504437879528713,0.09867454923454859,0.37308196353502965,-0.27000000000000046,-0.3000000000000007
2012-11-01,November 2012,4.32,2012,11,4,4.61,4.31,4.58,4.45,4.15,4.5,4.506666666666667,4.221666666666667,0.16522711641941387,0.11075498483879274,0.38677767476545405,0.3000000000000007,0.1900000000000004
2012-12-01,Desember 2012,4.3,2012,12,4,4.32,4.61,4.31,4.53,3.79,4.413333333333333,4.485,4.235833333333333,0.1703917055892437,0.13427583550279895,0.387027326574175,-0.29000000000000004,0.16999999999999993
2013-01-01,Januari 2013,4.57,2013,1,1,4.3,4.32,4.61,4.56,3.65,4.41,4.446666666666666,4.278333333333333,0.17349351572977684,0.15068731421935208,0.36072737964319235,-0.020000000000000462,0.5099999999999998
2013-02-01,Februari 2013,5.31,2013,2,1,4.57,4.3,4.32,4.58,3.56,4.396666666666667,4.448333333333333,4.3549999999999995,0.15044378795288338,0.15223884742943164,0.30911898268231014,0.27000000000000046,0.9200000000000004
2013-03-01,Maret 2013,5.9,2013,3,1,5.31,4.57,4.3,4.31,3.97,4.726666666666667,4.57,4.5008333333333335,0.5229085324735079,0.3878659562271144,0.31274323866925285,0.7399999999999993,1.7499999999999996
2013-04-01,April 2013,5.57,2013,4,2,5.9,5.31,4.57,4.61,4.5,5.260000000000001,4.835,4.661666666666666,0.6664082832620272,0.6375186271788235,0.47110765674357624,0.5900000000000007,1.9300000000000002
2013-05-01,Mei 2013,5.47,2013,5,2,5.57,5.9,5.31,4.32,4.45,5.593333333333334,4.995,4.7508333333333335,0.29569128044898757,0.6882078174504925,0.5346954669942892,-0.33000000000000007,1.0700000000000003
2013-06-01,Juni 2013,5.9,2013,6,2,5.47,5.57,5.9,4.3,4.53,5.646666666666667,5.1866666666666665,4.835833333333333,0.225018517757005,0.6193114456124926,0.5628572939327795,-0.10000000000000053,1.0199999999999996
2013-07-01,Juli 2013,8.61,2013,7,3,5.9,5.47,5.57,4.57,4.56,5.646666666666666,5.453333333333333,4.95,0.225018517757005,0.4926932784873701,0.6301082158140465,0.4300000000000006,1.37
2013-08-01,Agustus 2013,8.79,2013,8,3,8.61,5.9,5.47,5.31,4.58,6.659999999999999,6.126666666666668,5.2875000000000005,1.702380685980719,1.2391717664095752,1.2152076141361772,2.709999999999999,4.05
2013-09-01,September 2013,8.4,2013,9,3,8.79,8.61,5.9,5.9,4.31,7.766666666666666,6.706666666666666,5.638333333333333,1.619084103230425,1.554717552054591,1.5531190514183963,0.17999999999999972,4.209999999999999
2013-10-01,Oktober 2013,8.32,2013,10,4,8.4,8.79,8.61,5.57,4.61,8.6,7.123333333333334,5.979166666666667,0.1951922129596971,1.6285412695620018,1.6788061685361837,-0.3899999999999988,4.090000000000001
2013-11-01,November 2013,8.37,2013,11,4,8.32,8.4,8.79,5.47,4.32,8.503333333333332,7.581666666666667,6.288333333333333,0.25146238950077776,1.4845526823479902,1.7440852425650877,-0.08000000000000007,3.71
2013-12-01,Desember 2013,8.38,2013,12,4,8.37,8.32,8.4,5.9,4.3,8.363333333333332,8.065,6.6258333333333335,0.04041451884467735,1.0751883555916801,1.720261387819952,0.049999999999998934,4.049999999999999
2014-01-01,Januari 2014,8.22,2014,1,1,8.38,8.37,8.32,8.61,4.57,8.356666666666667,8.478333333333333,6.965833333333332,0.03214550253841245,0.1828022611091101,1.6189977726602252,0.010000000000001563,4.080000000000001
2014-02-01,Februari 2014,7.75,2014,2,1,8.22,8.38,8.37,8.79,5.31,8.323333333333332,8.413333333333334,7.2700000000000005,0.08962886439896652,0.19551641022329597,1.4633523157462731,-0.16000000000000014,3.6500000000000004
2014-03-01,Maret 2014,7.32,2014,3,1,7.75,8.22,8.38,8.4,5.9,8.116666666666667,8.24,7.473333333333334,0.3274650108537652,0.24859605789300127,1.3296638900887845,-0.47000000000000064,2.4400000000000004
2014-04-01,April 2014,7.25,2014,4,2,7.32,7.75,8.22,8.32,5.57,7.763333333333333,8.06,7.591666666666666,0.4501481237697983,0.4325274557758659,1.2368643148435123,-0.4299999999999997,1.42
2014-05-01,Mei 2014,7.32,2014,5,2,7.25,7.32,7.75,8.37,5.47,7.44,7.881666666666667,7.7316666666666665,0.27073972741389135,0.5163493649329044,1.0712170931263363,-0.07000000000000028,1.6799999999999997
2014-06-01,Juni 2014,6.7,2014,6,2,7.32,7.25,7.32,8.38,5.9,7.296666666666667,7.706666666666667,7.885833333333333,0.040414518845176384,0.4952440475832266,0.8197389643642333,0.07000000000000028,1.8500000000000005
2014-07-01,Juli 2014,4.53,2014,7,3,6.7,7.32,7.25,8.22,8.61,7.09,7.426666666666667,7.9525,0.3395585369272312,0.5130172186843464,0.6606487858021038,-0.6200000000000001,0.7999999999999998
2014-08-01,Agustus 2014,3.99,2014,8,3,4.53,6.7,7.32,7.75,8.79,6.183333333333334,6.811666666666667,7.6125,1.4650028441383756,1.1668661734177719,1.155816319159901,-2.17,-4.079999999999999
2014-09-01,September 2014,4.53,2014,9,3,3.99,4.53,6.7,7.32,8.4,5.073333333333333,6.185,7.212500000000001,1.4343755900507966,1.5187461934108604,1.4927407678495224,-0.54,-4.799999999999999
2014-10-01,Oktober 2014,4.83,2014,10,4,4.53,3.99,4.53,7.25,8.32,4.3500000000000005,5.72,6.890000000000001,0.3117691453628214,1.5288165357556762,1.6250482510318893,0.54,-3.87
2014-11-01,November 2014,6.23,2014,11,4,4.83,4.53,3.99,7.32,8.37,4.45,5.316666666666667,6.599166666666668,0.42567593307616136,1.353627225888524,1.6578269365392573,0.2999999999999998,-3.49
2014-12-01,Desember 2014,8.36,2014,12,4,6.23,4.83,4.53,6.7,8.38,5.196666666666666,5.135000000000001,6.420833333333333,0.9073771725878761,1.0755789138877714,1.5623726614778313,1.4000000000000004,-2.139999999999999
2015-01-01,Januari 2015,6.96,2015,1,1,8.36,6.23,4.83,4.53,8.22,6.473333333333333,5.411666666666666,6.4191666666666665,1.7775357474136833,1.6295081057382497,1.5601017352219093,2.129999999999999,-0.02000000000000135
2015-02-01,Februari 2015,6.29,2015,2,1,6.96,8.36,6.23,3.99,7.75,7.183333333333334,5.816666666666666,6.314166666666668,1.0824201279233017,1.6680727402204771,1.4675363296313546,-1.3999999999999995,-1.2600000000000007
2015-03-01,Maret 2015,6.38,2015,3,1,6.29,6.96,8.36,4.53,7.32,7.203333333333333,6.2,6.1925,1.0562354535488272,1.4084033513166525,1.396476898223783,-0.6699999999999999,-1.46
2015-04-01,April 2015,6.79,2015,4,2,6.38,6.29,6.96,4.83,7.25,6.543333333333333,6.508333333333333,6.114166666666667,0.36363901514210767,1.1481361707857822,1.353174438350818,0.08999999999999986,-0.9400000000000004
2015-05-01,Mei 2015,7.15,2015,5,2,6.79,6.38,6.29,6.23,7.32,6.486666666666667,6.835,6.075833333333333,0.26652079343556684,0.8016670131669169,1.3242799644495178,0.41000000000000014,-0.45999999999999996
2015-06-01,Juni 2015,7.26,2015,6,2,7.15,6.79,6.38,8.36,6.7,6.773333333333333,6.988333333333334,6.061666666666667,0.3852704677671436,0.7490638602059437,1.3105989840411478,0.3600000000000003,-0.16999999999999993
2015-07-01,Juli 2015,7.26,2015,7,3,7.26,7.15,6.79,6.96,4.53,7.066666666666667,6.805000000000001,6.108333333333334,0.24583192090024159,0.39903633919728004,1.3449152276991145,0.10999999999999943,0.5599999999999996
2015-08-01,Agustus 2015,7.18,2015,8,3,7.26,7.26,7.15,6.29,3.99,7.223333333333334,6.855,6.335833333333333,0.06350852961214726,0.439124128237069,1.2831386117523254,0.0,2.7299999999999995
2015-09-01,September 2015,6.83,2015,9,3,7.18,7.26,7.26,6.38,4.53,7.233333333333333,7.003333333333334,6.601666666666667,0.04618802153693828,0.3517195852758698,1.0648331780000475,-0.08000000000000007,3.1899999999999995
2015-10-01,Oktober 2015,6.25,2015,10,4,6.83,7.18,7.26,6.79,4.83,7.09,7.078333333333333,6.793333333333333,0.22869193252095338,0.21273614330110535,0.8416470144720284,-0.34999999999999964,2.3
2015-11-01,November 2015,4.89,2015,11,4,6.25,6.83,7.18,7.15,6.23,6.753333333333333,6.988333333333333,6.911666666666666,0.46971622638941585,0.39514132492898024,0.6078701017536896,-0.5800000000000001,1.42
2015-12-01,Desember 2015,3.35,2015,12,4,4.89,6.25,6.83,7.26,8.36,5.989999999999999,6.611666666666667,6.800000000000001,0.9957911427604715,0.9280391514729518,0.8277790658250327,-1.3600000000000003,-1.3400000000000007
2016-01-01,Januari 2016,4.14,2016,1,1,3.35,4.89,6.25,7.26,6.96,4.83,5.96,6.3825,1.4509307357693693,1.547669215304091,1.1644204567079657,-1.5399999999999996,-5.01
2016-02-01,Februari 2016,4.42,2016,2,1,4.14,3.35,4.89,7.18,6.29,4.126666666666666,5.44,6.1475,0.7700865752196953,1.5476692153040938,1.3124309505646348,0.7899999999999996,-2.8200000000000003
2016-03-01,Maret 2016,4.45,2016,3,1,4.42,4.14,3.35,6.83,6.38,3.97,4.9799999999999995,5.991666666666666,0.5548873759604479,1.320575632063532,1.4019391332484181,0.28000000000000025,-1.87
2016-04-01,April 2016,3.6,2016,4,2,4.45,4.42,4.14,6.25,6.79,4.336666666666667,4.583333333333333,5.8308333333333335,0.17097758137718794,0.9626975987643627,1.4627275787708949,0.03000000000000025,-1.9299999999999997
2016-05-01,Mei 2016,3.33,2016,5,2,3.6,4.45,4.42,4.89,7.15,4.156666666666666,4.141666666666667,5.565,0.48232077845931415,0.5749231832746676,1.5592509856862793,-0.8500000000000001,-3.19
2016-06-01,Juni 2016,3.45,2016,6,2,3.33,3.6,4.45,3.35,7.26,3.793333333333333,3.8816666666666664,5.246666666666667,0.5844940832323375,0.5188223845081104,1.5957576333022585,-0.27,-3.8200000000000003
2016-07-01,Juli 2016,3.21,2016,7,3,3.45,3.33,3.6,4.14,7.26,3.4599999999999995,3.8983333333333334,4.929166666666666,0.1352774925857508,0.4995764873036772,1.5366933705692625,0.1200000000000001,-3.8099999999999996
2016-08-01,Agustus 2016,2.79,2016,8,3,3.21,3.45,3.33,4.42,7.18,3.33,3.7433333333333327,4.591666666666667,0.12000000000121638,0.551204741150404,1.4184359717874528,-0.2400000000000002,-4.05
2016-09-01,September 2016,3.07,2016,9,3,2.79,3.21,3.45,4.45,6.83,3.15,3.471666666666667,4.225833333333333,0.3340658617702464,0.552681342788671,1.2457962647774106,-0.41999999999999993,-4.39
2016-10-01,Oktober 2016,3.31,2016,10,4,3.07,2.79,3.21,3.6,6.25,3.023333333333333,3.241666666666667,3.9124999999999996,0.21385353243197663,0.28777885027689637,0.9745966531666604,0.2799999999999998,-3.7600000000000002
2016-11-01,November 2016,3.58,2016,11,4,3.31,3.07,2.79,3.33,4.89,3.0566666666666666,3.1933333333333334,3.6675,0.2602562839464852,0.23508863576679576,0.6485666013322453,0.2400000000000002,-2.94
2016-12-01,Desember 2016,3.02,2016,12,4,3.58,3.31,3.07,3.45,3.35,3.32,3.235,3.558333333333333,0.2551470164440348,0.2816913204201113,0.5219862995996369,0.27,-1.3099999999999996
2017-01-01,Januari 2017,3.49,2017,1,1,3.02,3.58,3.31,3.21,4.14,3.3033333333333332,3.1633333333333336,3.5308333333333337,0.28005951748445607,0.2705303433382171,0.5422588837167377,-0.56,-0.33000000000000007
2017-02-01,Februari 2017,3.83,2017,2,1,3.49,3.02,3.58,2.79,4.42,3.3633333333333333,3.2099999999999995,3.4766666666666666,0.3007213549677253,0.30245660845818234,0.5072086415476695,0.4700000000000002,-0.6499999999999995
2017-03-01,Maret 2017,3.61,2017,3,1,3.83,3.49,3.02,3.07,4.45,3.4466666666666668,3.3833333333333333,3.4275,0.406734966942384,0.31149103785934185,0.4302034402466199,0.33999999999999986,-0.5899999999999999
2017-04-01,April 2017,4.17,2017,4,2,3.61,3.83,3.49,3.31,3.6,3.643333333333333,3.473333333333333,3.3575,0.17243356208585486,0.27918930256492347,0.2961610434145446,-0.2200000000000002,-0.8400000000000003
2017-05-01,Mei 2017,4.33,2017,5,2,4.17,3.61,3.83,3.58,3.33,3.8699999999999997,3.616666666666667,3.405,0.28213471959380737,0.38082366873224394,0.3740563885541981,0.56,0.5699999999999998
2017-06-01,Juni 2017,4.37,2017,6,2,4.33,4.17,3.61,3.02,3.45,4.036666666666666,3.7416666666666667,3.4883333333333333,0.3780652501005676,0.47725953805731713,0.45783747281669473,0.16000000000000014,1.0
2017-07-01,Juli 2017,3.88,2017,7,3,4.37,4.33,4.17,3.49,3.21,4.29,3.966666666666667,3.565,0.10583005244382926,0.37659881394752154,0.5231982068359837,0.040000000000000036,0.9199999999999999
2017-08-01,Agustus 2017,3.82,2017,8,3,3.88,4.37,4.33,3.83,2.79,4.193333333333333,4.031666666666667,3.6208333333333336,0.27209067116239005,0.30465827851328586,0.5175898399546369,-0.4900000000000002,0.6699999999999999
2017-09-01,September 2017,3.72,2017,9,3,3.82,3.88,4.37,3.61,3.07,4.023333333333333,4.03,3.706666666666667,0.30171730698387966,0.30600653587793225,0.4480124457145969,-0.06000000000000005,1.0299999999999998
2017-10-01,Oktober 2017,3.58,2017,10,4,3.72,3.82,3.88,4.17,3.31,3.8066666666666666,4.048333333333333,3.7608333333333337,0.08082903768826168,0.27780688736364795,0.4008504217361919,-0.09999999999999964,0.6500000000000004
2017-11-01,November 2017,3.3,2017,11,4,3.58,3.72,3.82,4.33,3.58,3.706666666666667,3.9499999999999997,3.783333333333333,0.12055427546799442,0.32631273343222983,0.38029494136034,-0.14000000000000012,0.27
2017-12-01,Desember 2017,3.61,2017,12,4,3.3,3.58,3.72,4.37,3.02,3.533333333333333,3.7783333333333338,3.7600000000000002,0.21385353243193744,0.3560009363283796,0.4018819365300128,-0.28000000000000025,-0.28000000000000025
2018-01-01,Januari 2018,3.25,2018,1,1,3.61,3.3,3.58,3.88,3.49,3.4966666666666666,3.651666666666667,3.8091666666666666,0.17097758137726315,0.20769368470583063,0.3333700737328228,0.31000000000000005,0.5899999999999999
2018-02-01,Februari 2018,3.18,2018,2,1,3.25,3.61,3.3,3.82,3.83,3.3866666666666667,3.546666666666667,3.7891666666666666,0.19502136635153955,0.22747893675390418,0.36036492446948937,-0.3599999999999999,-0.2400000000000002
2018-03-01,Maret 2018,3.4,2018,3,1,3.18,3.25,3.61,3.72,3.61,3.3466666666666662,3.44,3.735,0.23072349974292264,0.22369622258773583,0.40030670060027385,-0.06999999999999984,-0.6499999999999999
2018-04-01,April 2018,3.41,2018,4,2,3.4,3.18,3.25,3.58,4.17,3.276666666666667,3.3866666666666667,3.7175,0.11239810200187698,0.17682382946506217,0.4107227554180615,0.21999999999999975,-0.20999999999999996
2018-05-01,Mei 2018,3.23,2018,5,2,3.41,3.4,3.18,3.3,4.33,3.33,3.358333333333333,3.6541666666666663,0.13000000000111406,0.15144856112452795,0.39280942252479933,0.010000000000000231,-0.7599999999999998
2018-06-01,Juni 2018,3.12,2018,6,2,3.23,3.41,3.4,3.61,4.37,3.3466666666666662,3.346666666666667,3.5625,0.10115993937138648,0.1593319386271631,0.34636095202972034,-0.18000000000000016,-1.1
2018-07-01,Juli 2018,3.18,2018,7,3,3.12,3.23,3.41,3.25,3.88,3.2533333333333334,3.265,3.4583333333333335,0.14640127504098097,0.11743083070482302,0.2581695472970073,-0.10999999999999988,-1.25
2018-08-01,Agustus 2018,3.2,2018,8,3,3.18,3.12,3.23,3.18,3.82,3.1766666666666663,3.2533333333333334,3.4,0.055075705475525955,0.12258330500802982,0.23198746047622743,0.06000000000000005,-0.6999999999999997
2018-09-01,September 2018,2.88,2018,9,3,3.2,3.18,3.12,3.4,3.72,3.1666666666666665,3.2566666666666664,3.348333333333333,0.041633319992851144,0.12044362443355651,0.1962296119501048,0.020000000000000018,-0.6199999999999997
2018-10-01,Oktober 2018,3.16,2018,10,4,2.88,3.2,3.18,3.41,3.58,3.0866666666666664,3.17,3.278333333333333,0.1792577287974754,0.17251086922285927,0.2013514942642674,-0.3200000000000003,-0.8400000000000003
2018-11-01,November 2018,3.23,2018,11,4,3.16,2.88,3.2,3.23,3.3,3.08,3.1283333333333334,3.2433333333333336,0.174355957742476,0.12718752559387972,0.17946047087336572,0.28000000000000025,-0.41999999999999993
2018-12-01,Desember 2018,3.13,2018,12,4,3.23,3.16,2.88,3.12,3.61,3.09,3.1283333333333334,3.2375000000000003,0.18520259177531984,0.12718752559387972,0.1785866227302914,0.06999999999999984,-0.06999999999999984
2019-01-01,Januari 2019,2.82,2019,1,1,3.13,3.23,3.16,3.18,3.25,3.1733333333333333,3.1300000000000003,3.1975,0.051316014397329135,0.1271219886566723,0.136323478935659,-0.10000000000000009,-0.48
2019-02-01,Februari 2019,2.57,2019,2,1,2.82,3.13,3.23,3.2,3.18,3.06,3.07,3.1616666666666666,0.21377558326501303,0.1748141870673775,0.17288111171527504,-0.31000000000000005,-0.43000000000000016
2019-03-01,Maret 2019,2.48,2019,3,1,2.57,2.82,3.13,2.88,3.4,2.84,2.965,3.1108333333333333,0.28053520278264954,0.25288337232809444,0.24261673229171576,-0.25,-0.6100000000000003
2019-04-01,April 2019,2.83,2019,4,2,2.48,2.57,2.82,3.16,3.41,2.623333333333333,2.8983333333333334,3.0341666666666662,0.17616280349052507,0.3228260625579932,0.2846515679766184,-0.08999999999999986,-0.9199999999999999
2019-05-01,Mei 2019,3.32,2019,5,2,2.83,2.48,2.57,3.23,3.23,2.6266666666666665,2.8433333333333333,2.985833333333334,0.18175074507038838,0.29635564220493277,0.26348911770991224,0.3500000000000001,-0.5800000000000001
2019-06-01,Juni 2019,3.28,2019,6,2,3.32,2.83,2.48,3.13,3.12,2.8766666666666665,2.858333333333333,2.9933333333333336,0.42193996413427665,0.3210866964959742,0.2722075856713079,0.48999999999999977,0.08999999999999986
2019-07-01,Juli 2019,3.32,2019,7,3,3.28,3.32,2.83,2.82,3.18,3.143333333333333,2.8833333333333333,3.0066666666666664,0.2720906711624411,0.3509225935540449,0.2826926803353494,-0.040000000000000036,0.1599999999999997
2019-08-01,Agustus 2019,3.49,2019,8,3,3.32,3.28,3.32,2.57,3.2,3.306666666666666,2.9666666666666663,3.018333333333333,0.02309401077386589,0.39005982447144705,0.29319039216972714,0.040000000000000036,0.13999999999999968
2019-09-01,September 2019,3.39,2019,9,3,3.49,3.32,3.28,2.48,2.88,3.3633333333333333,3.1199999999999997,3.0425,0.11150485789247917,0.38371864692770286,0.32023074067421964,0.17000000000000037,0.29000000000000004
2019-10-01,Oktober 2019,3.13,2019,10,4,3.39,3.49,3.32,2.83,3.16,3.4000000000000004,3.2716666666666665,3.0850000000000004,0.08544003745485859,0.22868464458002294,0.330385449822744,-0.10000000000000009,0.5100000000000002
2019-11-01,November 2019,3.0,2019,11,4,3.13,3.39,3.49,3.32,3.23,3.3366666666666664,3.3216666666666668,3.0825,0.18583146486433,0.11956866925198535,0.3298794545670979,-0.26000000000000023,-0.03000000000000025
2019-12-01,Desember 2019,2.72,2019,12,4,3.0,3.13,3.39,3.28,3.13,3.1733333333333333,3.268333333333333,3.063333333333334,0.1985782801154927,0.17769824609908655,0.3272011706284649,-0.1299999999999999,-0.22999999999999998
2020-01-01,Januari 2020,2.68,2020,1,1,2.72,3.0,3.13,3.32,2.82,2.9499999999999997,3.1749999999999994,3.029166666666667,0.20952326839828467,0.2850087717948807,0.34073338906581285,-0.2799999999999998,-0.4099999999999997
2020-02-01,Februari 2020,2.98,2020,2,1,2.68,2.72,3.0,3.49,2.57,2.8000000000000003,3.0683333333333334,3.0175,0.17435595774249796,0.33522629172947466,0.3507945526684394,-0.040000000000000036,-0.13999999999999968
2020-03-01,Maret 2020,2.96,2020,3,1,2.98,2.68,2.72,3.39,2.48,2.7933333333333334,2.983333333333333,3.0516666666666663,0.16289055630587446,0.26402020124735953,0.322034253777595,0.2999999999999998,0.41000000000000014
2020-04-01,April 2020,2.67,2020,4,2,2.96,2.98,2.68,3.13,2.83,2.8733333333333335,2.9116666666666666,3.091666666666667,0.16772994167302127,0.17486185023239761,0.2702131594041689,-0.020000000000000018,0.48
2020-05-01,Mei 2020,2.19,2020,5,2,2.67,2.96,2.98,3.0,3.32,2.8699999999999997,2.8350000000000004,3.078333333333333,0.17349351572984484,0.16021860066806254,0.28768143155344167,-0.29000000000000004,-0.16000000000000014
2020-06-01,Juni 2020,1.96,2020,6,2,2.19,2.67,2.96,2.72,3.28,2.606666666666667,2.6999999999999997,2.984166666666667,0.38888730158445967,0.28558711455532165,0.37352031302521826,-0.48,-1.13
2020-07-01,Juli 2020,1.54,2020,7,3,1.96,2.19,2.67,2.68,3.32,2.2733333333333334,2.5733333333333333,2.874166666666667,0.3622614157395896,0.414423294068641,0.46229581897574906,-0.22999999999999998,-1.3199999999999998
2020-08-01,Agustus 2020,1.32,2020,8,3,1.54,1.96,2.19,2.98,3.49,1.8966666666666665,2.3833333333333333,2.7258333333333336,0.329595711946716,0.5828436039510998,0.5774624479461111,-0.41999999999999993,-1.7799999999999998
2020-09-01,September 2020,1.42,2020,9,3,1.32,1.54,1.96,2.96,3.39,1.6066666666666667,2.106666666666667,2.545,0.32516662395404444,0.6346547617931432,0.6514389666521078,-0.21999999999999997,-2.17
2020-10-01,Oktober 2020,1.44,2020,10,4,1.42,1.32,1.54,2.67,3.13,1.4266666666666667,1.8499999999999999,2.3808333333333334,0.11015141094727812,0.5219195340280426,0.6671712105917529,0.09999999999999987,-1.9700000000000002
2020-11-01,November 2020,1.59,2020,11,4,1.44,1.42,1.32,2.19,3.0,1.3933333333333333,1.6449999999999998,2.2399999999999998,0.06429100507595986,0.34800862058295745,0.6729987167352666,0.020000000000000018,-1.69
2020-12-01,Desember 2020,1.68,2020,12,4,1.59,1.44,1.42,1.96,2.72,1.4833333333333332,1.545,2.1225,0.09291573243361172,0.2242989077103467,0.6509730478990307,0.15000000000000013,-1.41
2021-01-01,Januari 2021,1.55,2021,1,1,1.68,1.59,1.44,1.54,2.68,1.57,1.4983333333333333,2.0358333333333336,0.12124355653121813,0.1299871788551553,0.6331804041838867,0.08999999999999986,-1.0400000000000003
2021-02-01,Februari 2021,1.38,2021,2,1,1.55,1.68,1.59,1.32,2.98,1.6066666666666667,1.5,1.9416666666666664,0.06658328118732922,0.1306904740218484,0.6123551158264582,-0.1299999999999999,-1.1300000000000001
2021-03-01,Maret 2021,1.37,2021,3,1,1.38,1.55,1.68,1.42,2.96,1.5366666666666664,1.51,1.8083333333333336,0.15044378795308558,0.1155854662146382,0.5350247799416062,-0.17000000000000015,-1.6
2021-04-01,April 2021,1.42,2021,4,2,1.37,1.38,1.55,1.44,2.67,1.4333333333333336,1.5016666666666667,1.6758333333333333,0.10115993937165015,0.12480651692408565,0.40495697489387983,-0.009999999999999787,-1.5899999999999999
2021-05-01,Mei 2021,1.68,2021,5,2,1.42,1.37,1.38,1.59,2.19,1.39,1.4983333333333333,1.5716666666666665,0.02645751311714368,0.1270301801412646,0.26124990938097487,0.04999999999999982,-1.25
2021-06-01,Juni 2021,1.33,2021,6,2,1.68,1.42,1.37,1.68,1.96,1.49,1.5133333333333334,1.5291666666666668,0.1664331697719567,0.1441758185921684,0.18052742593635068,0.26,-0.51
2021-07-01,Juli 2021,1.52,2021,7,3,1.33,1.68,1.42,1.55,1.54,1.4766666666666666,1.455,1.4766666666666666,0.18175074507048017,0.13367871932381853,0.12773077747827793,-0.34999999999999987,-0.6299999999999999
2021-08-01,Agustus 2021,1.59,2021,8,3,1.52,1.33,1.68,1.38,1.32,1.51,1.45,1.4750000000000003,0.17521415468032367,0.12992305415151056,0.1269574015890199,0.18999999999999995,-0.020000000000000018
2021-09-01,September 2021,1.6,2021,9,3,1.59,1.52,1.33,1.37,1.42,1.4800000000000002,1.485,1.4975000000000003,0.13453624047200538,0.13546217184164627,0.1207646095060322,0.07000000000000006,0.27
2021-10-01,Oktober 2021,1.66,2021,10,4,1.6,1.59,1.52,1.42,1.44,1.5700000000000003,1.5233333333333334,1.5125,0.04358898943929262,0.12878923350467492,0.12144022098456748,0.010000000000000009,0.18000000000000016
2021-11-01,November 2021,1.75,2021,11,4,1.66,1.6,1.59,1.68,1.59,1.6166666666666665,1.5633333333333332,1.5308333333333335,0.037859388976458484,0.12754084313160602,0.1260200801702397,0.05999999999999983,0.21999999999999997
2021-12-01,Desember 2021,1.87,2021,12,4,1.75,1.66,1.6,1.33,1.68,1.67,1.575,1.5441666666666667,0.07549834435493236,0.14265342617706053,0.14048347255338933,0.09000000000000008,0.15999999999999992
2022-01-01,Januari 2022,2.18,2022,1,1,1.87,1.75,1.66,1.52,1.55,1.76,1.665,1.5599999999999998,0.10535653753010962,0.12660963628433825,0.1656392575340044,0.1200000000000001,0.19000000000000017
2022-02-01,Februari 2022,2.06,2022,2,1,2.18,1.87,1.75,1.59,1.38,1.9333333333333333,1.7750000000000001,1.6125,0.22188585654264179,0.22438805672328122,0.24365120375438515,0.31000000000000005,0.6300000000000001
2022-03-01,Maret 2022,2.64,2022,3,1,2.06,2.18,1.87,1.6,1.37,2.0366666666666666,1.8533333333333335,1.6691666666666665,0.15631165450361922,0.2288813375238701,0.26297107802729724,-0.1200000000000001,0.6800000000000002
2022-04-01,April 2022,3.47,2022,4,2,2.64,2.06,2.18,1.66,1.42,2.2933333333333334,2.026666666666667,1.7750000000000001,0.3061590000859873,0.35674453978542214,0.36671762731271534,0.5800000000000001,1.27
2022-05-01,Mei 2022,3.55,2022,5,2,3.47,2.64,2.06,1.75,1.68,2.723333333333333,2.3283333333333336,1.9458333333333335,0.7086842268130708,0.6386052510484916,0.5936092735941856,0.8300000000000001,2.0500000000000003
2022-06-01,Juni 2022,4.35,2022,6,2,3.55,3.47,2.64,1.87,1.33,3.22,2.6283333333333334,2.1016666666666666,0.5038849074940555,0.7289833102799415,0.7439065597889389,0.07999999999999963,1.8699999999999999
2022-07-01,Juli 2022,4.94,2022,7,3,4.35,3.55,3.47,2.18,1.52,3.7900000000000005,3.0416666666666665,2.3533333333333335,0.4866210024241424,0.8967812813984766,0.9432471317291096,0.7999999999999998,3.0199999999999996
2022-08-01,Agustus 2022,4.69,2022,8,3,4.94,4.35,3.55,2.06,1.59,4.28,3.501666666666667,2.638333333333333,0.6976388750637856,1.0594983089494225,1.160272956391456,0.5900000000000007,3.4200000000000004
2022-09-01,September 2022,5.95,2022,9,3,4.69,4.94,4.35,2.64,1.6,4.66,3.94,2.8966666666666665,0.2961418578996453,0.871045348991665,1.2474725964075968,-0.25,3.1000000000000005
2022-10-01,Oktober 2022,5.71,2022,10,4,5.95,4.69,4.94,3.47,1.66,5.193333333333334,4.491666666666667,3.2591666666666668,0.6671081871282742,0.9292667360164509,1.4517291153112728,1.2599999999999998,4.35
2022-11-01,November 2022,5.42,2022,11,4,5.71,5.95,4.69,3.55,1.75,5.45,4.864999999999999,3.596666666666667,0.6690291473472832,0.8856579475169831,1.5155277108731018,-0.2400000000000002,4.05
2022-12-01,Desember 2022,5.51,2022,12,4,5.42,5.71,5.95,4.35,1.87,5.693333333333334,5.176666666666667,3.9025,0.26539279065860194,0.6193437386998082,1.4788516736736275,-0.29000000000000004,3.67
2023-01-01,Januari 2023,5.28,2023,1,1,5.51,5.42,5.71,4.94,2.18,5.546666666666667,5.37,4.2058333333333335,0.1484362938555257,0.4735820942560922,1.394987509447724,0.08999999999999986,3.6399999999999997
2023-02-01,Februari 2023,5.47,2023,2,1,5.28,5.51,5.42,4.69,2.06,5.403333333333333,5.426666666666667,4.464166666666667,0.11590225767243469,0.430193754797361,1.266882059039104,-0.22999999999999954,3.1
2023-03-01,Maret 2023,4.97,2023,3,1,5.47,5.28,5.51,5.95,2.64,5.420000000000001,5.5566666666666675,4.748333333333334,0.12288205727539599,0.2379635826479544,1.040872303174196,0.1899999999999995,3.4099999999999997
2023-04-01,April 2023,4.33,2023,4,2,4.97,5.47,5.28,5.71,3.47,5.24,5.3933333333333335,4.9425,0.2523885892829512,0.25001333297776873,0.8016587916201127,-0.5,2.3299999999999996
2023-05-01,Mei 2023,4.0,2023,5,2,4.33,4.97,5.47,5.42,3.55,4.923333333333334,5.163333333333333,5.014166666666667,0.5714309523762073,0.4528870352159099,0.6885090391343435,-0.6399999999999997,0.8599999999999999
2023-06-01,Juni 2023,3.52,2023,6,2,4.0,4.33,4.97,5.51,4.35,4.433333333333334,4.926666666666667,5.051666666666667,0.49318691520922564,0.6287977947374347,0.6091996736901963,-0.33000000000000007,0.4500000000000002
2023-07-01,Juli 2023,3.08,2023,7,3,3.52,4.0,4.33,5.28,4.94,3.9500000000000006,4.595,4.9825,0.4073082370886583,0.7688107699557805,0.7310406654526511,-0.48,-0.8299999999999996
2023-08-01,Agustus 2023,3.27,2023,8,3,3.08,3.52,4.0,5.47,4.69,3.5333333333333337,4.2283333333333335,4.8275,0.4601449047133025,0.8915922087292333,0.9149279653711458,-0.43999999999999995,-1.8600000000000003
2023-09-01,September 2023,2.28,2023,9,3,3.27,3.08,3.52,4.97,5.95,3.2900000000000005,3.8616666666666664,4.709166666666667,0.22068076490778915,0.713397972149262,1.0201110307959227,0.18999999999999995,-1.4200000000000004
2023-10-01,Oktober 2023,2.56,2023,10,4,2.28,3.27,3.08,4.33,5.71,2.876666666666667,3.4133333333333336,4.403333333333333,0.5253887449628423,0.7227632161826493,1.1554482273389042,-0.9900000000000002,-3.6700000000000004
2023-11-01,November 2023,2.86,2023,11,4,2.56,2.28,3.27,4.0,5.42,2.7033333333333336,3.1183333333333336,4.140833333333333,0.5103266927504722,0.6289170586545509,1.188937327909669,0.28000000000000025,-3.15
2023-12-01,Desember 2023,2.61,2023,12,4,2.86,2.56,2.28,3.52,5.51,2.566666666666667,2.9283333333333332,3.9274999999999998,0.29005746557128664,0.45836302934103995,1.168037398218217,0.2999999999999998,-2.56
2024-01-01,Januari 2024,2.57,2024,1,1,2.61,2.86,2.56,3.08,5.28,2.676666666666667,2.776666666666667,3.685833333333333,0.1607275126841555,0.3643441596440068,1.1093852378955782,-0.25,-2.9
2024-02-01,Februari 2024,2.75,2024,2,1,2.57,2.61,2.86,3.27,5.47,2.68,2.6916666666666664,3.4599999999999995,0.15716233645597774,0.3379595636562145,1.0282288390502243,-0.040000000000000036,-2.7100000000000004
2024-03-01,Maret 2024,3.05,2024,3,1,2.75,2.57,2.61,2.28,4.97,2.643333333333334,2.605,3.233333333333333,0.09451631252665409,0.19745885647403524,0.8244704452868798,0.18000000000000016,-2.7199999999999998
2024-04-01,April 2024,3.0,2024,4,2,3.05,2.75,2.57,2.56,4.33,2.7900000000000005,2.733333333333333,3.073333333333333,0.2424871130602601,0.1941820451707578,0.6170064583916473,0.2999999999999998,-1.92
2024-05-01,Mei 2024,2.84,2024,5,2,3.0,3.05,2.75,2.86,4.0,2.9333333333333336,2.8066666666666666,2.9625,0.16072751268413685,0.19866219234342758,0.4735192229946852,-0.04999999999999982,-1.33
2024-06-01,Juni 2024,2.51,2024,6,2,2.84,3.0,3.05,2.61,3.52,2.9633333333333334,2.8033333333333332,2.8658333333333332,0.10969655114737524,0.19775405600567858,0.34283466286337455,-0.16000000000000014,-1.1600000000000001
2024-07-01,Juli 2024,2.13,2024,7,3,2.51,2.84,3.0,2.57,3.08,2.7833333333333337,2.7866666666666666,2.7816666666666667,0.24986663109273566,0.22024229082239719,0.2870803920771858,-0.33000000000000007,-1.0100000000000002
2024-08-01,Agustus 2024,2.12,2024,8,3,2.13,2.51,2.84,2.75,3.27,2.4933333333333336,2.7133333333333334,2.7025,0.3552933060636528,0.3448284597690549,0.32571948332610146,-0.3799999999999999,-0.9500000000000002
2024-09-01,September 2024,1.84,2024,9,3,2.12,2.13,2.51,3.05,2.28,2.253333333333334,2.6083333333333334,2.6066666666666665,0.22233608194273496,0.41930498049355514,0.31247787800493443,-0.009999999999999787,-1.15
2024-10-01,Oktober 2024,1.71,2024,10,4,1.84,2.12,2.13,3.0,2.56,2.0300000000000007,2.4066666666666667,2.57,0.16462077633251224,0.4539456648836999,0.3740442365671927,-0.28,-0.4399999999999997
2024-11-01,November 2024,1.55,2024,11,4,1.71,1.84,2.12,2.84,2.86,1.8900000000000003,2.1916666666666664,2.4991666666666665,0.20952326839833973,0.4210186060813801,0.4490689020494776,-0.13000000000000012,-0.8500000000000001
2024-12-01,Desember 2024,1.57,2024,12,4,1.55,1.71,1.84,2.51,2.61,1.7000000000000004,1.9766666666666666,2.39,0.14525839046446748,0.3465063731978278,0.5086524085535419,-0.15999999999999992,-1.3099999999999998
2025-01-01,Januari 2025,0.76,2025,1,1,1.57,1.55,1.71,2.13,2.57,1.6100000000000003,1.82,2.3033333333333332,0.0871779788727065,0.2584569596664957,0.5543109290467348,0.020000000000000018,-1.0399999999999998
2025-02-01,Februari 2025,-0.09,2025,2,1,0.76,1.57,1.55,2.12,2.75,1.2933333333333337,1.5916666666666668,2.1525,0.4619884558445933,0.45797015914436984,0.7017915385899255,-0.81,-1.8099999999999998
2025-03-01,Maret 2025,1.03,2025,3,1,-0.09,0.76,1.57,1.84,3.05,0.746666666666667,1.2233333333333334,1.9158333333333333,0.830080317399278,0.7461277817282548,0.9252661369803178,-0.85,-2.84
2025-04-01,April 2025,1.95,2025,4,2,1.03,-0.09,0.76,1.71,3.0,0.566666666666667,1.0883333333333332,1.7474999999999998,0.584494083232406,0.6828298958501514,0.8829508891933526,1.12,-2.0199999999999996
2025-05-01,Mei 2025,1.6,2025,5,2,1.95,1.03,-0.09,1.55,2.84,0.9633333333333335,1.1283333333333332,1.66,1.0216326802396645,0.7318037077432226,0.7952129503244382,0.9199999999999999,-1.05
2025-06-01,Juni 2025,1.87,2025,6,2,1.6,1.95,1.03,1.57,2.51,1.526666666666667,1.1366666666666667,1.5566666666666666,0.4643633634705323,0.7378256343247553,0.7031789289083322,-0.34999999999999987,-1.2399999999999998
2025-07-01,Juli 2025,2.37,2025,7,3,1.87,1.6,1.95,0.76,2.13,1.8066666666666669,1.1866666666666668,1.5033333333333336,0.18339392938060495,0.7819121860328861,0.6462666679170993,0.27,-0.6399999999999997
2025-08-01,Agustus 2025,2.31,2025,8,3,2.37,1.87,1.6,-0.09,2.12,1.946666666666667,1.455,1.5233333333333334,0.3906831623370205,0.8767154612529969,0.670675823782343,0.5,0.2400000000000002
2025-09-01,September 2025,2.65,2025,9,3,2.31,2.37,1.87,1.03,1.84,2.1833333333333336,1.8550000000000002,1.5391666666666666,0.27300793639315424,0.49540892200287223,0.6880599647934609,-0.06000000000000005,0.18999999999999995
2025-10-01,Oktober 2025,2.86,2025,10,4,2.65,2.31,2.37,1.95,1.71,2.443333333333334,2.125,1.6066666666666667,0.18147543451839904,0.38500649345178983,0.7565752180755874,0.33999999999999986,0.8099999999999998
2025-11-01,November 2025,2.72,2025,11,4,2.86,2.65,2.31,1.6,1.55,2.606666666666667,2.276666666666667,1.7025,0.27754879450942926,0.47174852057712585,0.839178440229201,0.20999999999999996,1.15
2025-12-01,Desember 2025,2.92,2025,12,4,2.72,2.86,2.65,1.87,1.57,2.7433333333333336,2.4633333333333334,1.8,0.10692676621704136,0.3584224695337941,0.8864843740611582,-0.13999999999999968,1.1700000000000002
2026-01-01,Januari 2026,3.55,2026,1,1,2.92,2.72,2.86,2.37,0.76,2.8333333333333335,2.6383333333333336,1.9125000000000003,0.1026320287903898,0.2510312065594642,0.9387624832725558,0.19999999999999973,1.3499999999999999
2026-02-01,Februari 2026,4.76,2026,2,1,3.55,2.92,2.72,2.31,-0.09,3.063333333333334,2.8349999999999995,2.145,0.433166634603388,0.4104022417093139,0.9722747460559863,0.6299999999999999,2.79
2026-03-01,Maret 2026,3.48,2026,3,1,4.76,3.55,2.92,2.65,1.03,3.7433333333333336,3.2433333333333336,2.549166666666667,0.935111401563261,0.8089169714295092,0.9667796433458461,1.21,4.85
2026-04-01,April 2026,2.42,2026,4,2,3.48,4.76,3.55,2.86,1.95,3.93,3.3816666666666664,2.7533333333333334,0.7196526940130689,0.7564236026636708,0.8707189645066619,-1.2799999999999998,2.45
